####
##  meetup.org domain
####

mailer-daemon@meetup.org	postmaster@meetup.com
postmaster@meetup.org		postmaster@meetup.com

## users aliases
greg@meetup.org			gwhalin@mail.dev.meetup.com
will@meetup.org			wcarlough@mail.dev.meetup.com
mary@meetup.org			maryt@mail.dev.meetup.com
kcorwin@meetup.org		keith@mail.dev.meetup.com
bmcgovern@meetup.org	brendan@mail.dev.meetup.com
twall@meetup.org		teresa@mail.dev.meetup.com
rick@meetup.org			richard@mail.dev.meetup.com
nathan@meetup.org		nathanh@mail.dev.meetup.com


## meetup staff mappings
gwhalin@meetup.org		gwhalin@mail.dev.meetup.com
matt@meetup.org			matt@mail.dev.meetup.com
keith@meetup.org		keith@mail.dev.meetup.com
angela@meetup.org		angela@mail.dev.meetup.com
maryt@meetup.org		maryt@mail.dev.meetup.com
camille@meetup.org		camille@mail.dev.meetup.com
gary@meetup.org			gary@mail.dev.meetup.com
wcarlough@meetup.org	wcarlough@mail.dev.meetup.com
andres@meetup.org		andres@mail.dev.meetup.com
brendan@meetup.org		brendan@mail.dev.meetup.com
richard@meetup.org		richard@mail.dev.meetup.com
andrea@meetup.org		andrea@mail.dev.meetup.com
tammy@meetup.org		tammy@mail.dev.meetup.com
teresa@meetup.org		teresa@mail.dev.meetup.com
rrowe@meetup.org		rrowe@mail.dev.meetup.com
qing@meetup.org			qing@hq.meetup.com
qstest@meetup.org		qstest@mail.dev.meetup.com
adaam@meetup.org		adaam@mail.dev.meetup.com
whoward@meetup.org		whoward@mail.dev.meetup.com
linda@meetup.org		linda@mail.dev.meetup.com
douglas@meetup.org		douglas@mail.dev.meetup.com
lindsay@meetup.org		lindsay@mail.dev.meetup.com
maya@meetup.org			maya@mail.dev.meetup.com
mark@meetup.org			mark@mail.dev.meetup.com
jurate@meetup.org		jurate@mail.dev.meetup.com
erin@meetup.org			erin@mail.dev.meetup.com
rich@meetup.org			rich@mail.dev.meetup.com
emeline@meetup.org		emeline@mail.dev.meetup.com
antonio@meetup.org		antonio@mail.dev.meetup.com
justin@meetup.org		justin@mail.dev.meetup.com
steven@meetup.org		steven@mail.dev.meetup.com
simon@meetup.org		simon@mail.dev.meetup.com
tegan@meetup.org		tegan@mail.dev.meetup.com
davide@meetup.org		davide@mail.dev.meetup.com
jeremy@meetup.org		jeremy@mail.dev.meetup.com
ginamarie@meetup.org	ginamarie@mail.dev.meetup.com
adamg@meetup.org		adamg@mail.dev.meetup.com
erica@meetup.org		erica@mail.dev.meetup.com
dawn@meetup.org			dawn@mail.dev.meetup.com
kathryn@meetup.org		kathryn@mail.dev.meetup.com
merrill@meetup.org		merrill@mail.dev.meetup.com
cindy@meetup.org		cindy@mail.dev.meetup.com
inauguration@meetup.org		inauguration@mail.dev.meetup.com
takashi@meetup.org		takashi@mail.dev.meetup.com
briana@meetup.org		briana@mail.dev.meetup.com
knoerzer@meetup.org		knoerzer@mail.dev.meetup.com
nora@meetup.org			nora@mail.dev.meetup.com
ivy@meetup.org			ivy@mail.dev.meetup.com
nathanh@meetup.org		nathanh@mail.dev.meetup.com
trush@meetup.org		trush@mail.dev.meetup.com
miked@meetup.org		miked@mail.dev.meetup.com
randy@meetup.org		randy@mail.dev.meetup.com
david@meetup.org		david@mail.dev.meetup.com
isabelle@meetup.org		isabelle@mail.dev.meetup.com
rando@meetup.org		rando@mail.dev.meetup.com
abigail@meetup.org		abigail@mail.dev.meetup.com
jereme@meetup.org		jereme@mail.dev.meetup.com
tamara@meetup.org		tamara@mail.dev.meetup.com
michael@meetup.org		michael@mail.dev.meetup.com
ashlee@meetup.org		ashlee@mail.dev.meetup.com
rebecca@meetup.org		rebecca@mail.dev.meetup.com
steve@meetup.org		steve@mail.dev.meetup.com
adamd@meetup.org		adamd@mail.dev.meetup.com
noral@meetup.org		noral@mail.dev.meetup.com
leo@meetup.org			leo@mail.dev.meetup.com
jake@meetup.org			jake@mail.dev.meetup.com
amrit@meetup.org		amrit@mail.dev.meetup.com
dominicc@meetup.org		dominicc@mail.dev.meetup.com
avianna@meetup.org		avianna@mail.dev.meetup.com
jenn@meetup.org			jenn@mail.dev.meetup.com
irina@meetup.org		irina@mail.dev.meetup.com
stone@meetup.org		stone@mail.dev.meetup.com
pat@meetup.org			pat@mail.dev.meetup.com
justinm@meetup.org		justinm@mail.dev.meetup.com
andrew@meetup.org		andrew@mail.dev.meetup.com
jcaldro@meetup.org		jcaldro@mail.dev.meetup.com
kelly@meetup.org		kelly@mail.dev.meetup.com
julia@meetup.org		julia@mail.dev.meetup.com
brenna@meetup.org		brenna@mail.dev.meetup.com
charles@meetup.org		charles@mail.dev.meetup.com
erik@meetup.org			erik@mail.dev.meetup.com
chrisb@meetup.org		chrisb@mail.dev.meetup.com
nate@meetup.org			nate@mail.dev.meetup.coom
lisamarie@meetup.org		lisamarie@mail.dev.meetup.com
danny@meetup.org		danny@mail.dev.meetup.com
alex@meetup.org			alex@mail.dev.meetup.com
doug@meetup.org			doug@mail.dev.meetup.com
edickey@meetup.org		edickey@mail.dev.meetup.com
alexander@meetup.org		alexander@mail.dev.meetup.com
bgruber@meetup.org		bgruber@mail.dev.meetup.com
michelle@meetup.org		michelle@mail.dev.meetup.com
mariel@meetup.org		mariel@mail.dev.meetup.com
andreww@meetup.org		andreww@mail.dev.meetup.com

scott@meetup.org		scott@meetup.com
sheiferman@meetup.org		scott@meetup.com
sh1@meetup.org			sh1@meetup.com
